[
  {"UPC": "090600392667", "name": "CROWNS BX RED 100'S CTN", "group_id": "513597", "cost": 46.3000, "vendors": [
    {"name": "RYO DISTRIBUTION", "SKU": "2903", "cost": 46.3000},
    {"name": "SAS", "SKU": "281816", "cost": 47.2900}
  ], "watch":  true, "link": null},
  {"UPC": "090600392674", "name": "CROWNS BX MENTHOL GOLD 100S CTN", "group_id": "513597", "cost": 46.3000, "vendors": [
    {"name": "RYO DISTRIBUTION", "SKU": "2907", "cost": 46.3000},
    {"name": "SAS", "SKU": "280879", "cost": 47.2900}
  ], "watch":  true, "link": null}
]