{
    "1 - SMOKEY MOE'S TOBACCO #001": "https://g.page/r/Ca1pk76FUxEGEAE/review",
    "2 - SMOKEY MOE'S TOBACCO #002": "https://g.page/r/CbVstVUTJ0hpEAE/review",
    "3 - SMOKEY MOE'S TOBACCO #003": "https://g.page/r/CflFtGlqt9sFEAE/review",
    "4 - SMOKEY MOE'S TOBACCO #004": "https://g.page/r/CcpUufSifDUqEAE/review",
    "5 - SMOKEY MOE'S LIQUOR #005": "https://g.page/r/CVDBgRfSD5-REAE/review",
    "6 - SMOKEY MOE'S TOBACCO #006": "https://g.page/r/Cb4tuAExIKyuEAE/review",
    "7 - SMOKEY MOE'S TOBACCO #007": "https://g.page/r/CTYCFcPAtXmREAE/review"
}